"","iteration","avg..fps","avg..polys","avg..models","Env","BFC","FVC","ZC","activeAlgorithms"
"1",1,14.251,192000000,15625,"DENSE",0,0,0,0
"2",2,14.328,192000000,15625,"DENSE",0,0,0,0
"3",3,14.256,192000000,15625,"DENSE",0,0,0,0
"4",4,14.277,192000000,15625,"DENSE",0,0,0,0
"5",5,14.508,192000000,15625,"DENSE",0,0,0,0
"6",6,14.457,192000000,15625,"DENSE",0,0,0,0
"7",7,14.215,192000000,15625,"DENSE",0,0,0,0
"8",8,14.259,192000000,15625,"DENSE",0,0,0,0
"9",9,14.354,192000000,15625,"DENSE",0,0,0,0
"10",10,14.47,192000000,15625,"DENSE",0,0,0,0
"11",11,14.358,192000000,15625,"DENSE",0,0,0,0
"12",12,14.292,192000000,15625,"DENSE",0,0,0,0
"13",13,14.71,192000000,15625,"DENSE",0,0,0,0
"14",14,14.731,192000000,15625,"DENSE",0,0,0,0
"15",15,14.37,192000000,15625,"DENSE",0,0,0,0
"16",16,14.672,192000000,15625,"DENSE",0,0,0,0
"17",17,14.557,192000000,15625,"DENSE",0,0,0,0
"18",18,14.214,192000000,15625,"DENSE",0,0,0,0
"19",19,14.377,192000000,15625,"DENSE",0,0,0,0
"20",20,14.44,192000000,15625,"DENSE",0,0,0,0
"21",21,14.239,192000000,15625,"DENSE",0,0,0,0
"22",22,14.396,192000000,15625,"DENSE",0,0,0,0
"23",23,14.41,192000000,15625,"DENSE",0,0,0,0
"24",24,14.161,192000000,15625,"DENSE",0,0,0,0
"25",25,14.284,192000000,15625,"DENSE",0,0,0,0
"26",26,14.496,192000000,15625,"DENSE",0,0,0,0
"27",27,14.199,192000000,15625,"DENSE",0,0,0,0
"28",28,14.089,192000000,15625,"DENSE",0,0,0,0
"29",29,14.286,192000000,15625,"DENSE",0,0,0,0
"30",30,14.34,192000000,15625,"DENSE",0,0,0,0
"31",31,14.324,192000000,15625,"DENSE",0,0,0,0
"32",32,14.361,192000000,15625,"DENSE",0,0,0,0
"33",33,14.354,192000000,15625,"DENSE",0,0,0,0
"34",34,14.22,192000000,15625,"DENSE",0,0,0,0
"35",35,14.183,192000000,15625,"DENSE",0,0,0,0
"36",36,14.158,192000000,15625,"DENSE",0,0,0,0
"37",37,14.155,192000000,15625,"DENSE",0,0,0,0
"38",38,14.203,192000000,15625,"DENSE",0,0,0,0
"39",1,13.505369,192000000,15625,"SPARSE",0,0,0,0
"40",2,13.306861,192000000,15625,"SPARSE",0,0,0,0
"41",3,13.799011,192000000,15625,"SPARSE",0,0,0,0
"42",4,13.501961,192000000,15625,"SPARSE",0,0,0,0
"43",5,13.105436,192000000,15625,"SPARSE",0,0,0,0
"44",6,13.490121,192000000,15625,"SPARSE",0,0,0,0
"45",7,13.909118,192000000,15625,"SPARSE",0,0,0,0
"46",8,13.002469,192000000,15625,"SPARSE",0,0,0,0
"47",9,13.203761,192000000,15625,"SPARSE",0,0,0,0
"48",10,13.509399,192000000,15625,"SPARSE",0,0,0,0
"49",11,13.310281,192000000,15625,"SPARSE",0,0,0,0
"50",12,13.496768,192000000,15625,"SPARSE",0,0,0,0
"51",13,13.105964,192000000,15625,"SPARSE",0,0,0,0
"52",14,13.899546,192000000,15625,"SPARSE",0,0,0,0
"53",15,13.202274,192000000,15625,"SPARSE",0,0,0,0
"54",16,13.603605,192000000,15625,"SPARSE",0,0,0,0
"55",17,13.498515,192000000,15625,"SPARSE",0,0,0,0
"56",18,13.339601,192000000,15625,"SPARSE",0,0,0,0
"57",19,13.500146,192000000,15625,"SPARSE",0,0,0,0
"58",20,13.101621,192000000,15625,"SPARSE",0,0,0,0
"59",21,13.505579,192000000,15625,"SPARSE",0,0,0,0
"60",22,13.308109,192000000,15625,"SPARSE",0,0,0,0
"61",23,13.907233,192000000,15625,"SPARSE",0,0,0,0
"62",24,13.600929,192000000,15625,"SPARSE",0,0,0,0
"63",25,13.476033,192000000,15625,"SPARSE",0,0,0,0
"64",26,13.205743,192000000,15625,"SPARSE",0,0,0,0
"65",27,13.501373,192000000,15625,"SPARSE",0,0,0,0
"66",28,13.108537,192000000,15625,"SPARSE",0,0,0,0
"67",29,13.505816,192000000,15625,"SPARSE",0,0,0,0
"68",30,13.705655,192000000,15625,"SPARSE",0,0,0,0
"69",31,13.603313,192000000,15625,"SPARSE",0,0,0,0
"70",32,13.879264,192000000,15625,"SPARSE",0,0,0,0
"71",33,13.110792,192000000,15625,"SPARSE",0,0,0,0
"72",34,13.404564,192000000,15625,"SPARSE",0,0,0,0
"73",35,13.574826,192000000,15625,"SPARSE",0,0,0,0
"74",36,13.953383,192000000,15625,"SPARSE",0,0,0,0
"75",37,13.010788,192000000,15625,"SPARSE",0,0,0,0
"76",38,13.210217,192000000,15625,"SPARSE",0,0,0,0
"77",1,15.814152,192000000,15625,"DYNAMIC",0,0,0,0
"78",2,15.709027,192000000,15625,"DYNAMIC",0,0,0,0
"79",3,15.712982,192000000,15625,"DYNAMIC",0,0,0,0
"80",4,15.901077,192000000,15625,"DYNAMIC",0,0,0,0
"81",5,15.700036,192000000,15625,"DYNAMIC",0,0,0,0
"82",6,15.766912,192000000,15625,"DYNAMIC",0,0,0,0
"83",7,15.694378,192000000,15625,"DYNAMIC",0,0,0,0
"84",8,15.763087,192000000,15625,"DYNAMIC",0,0,0,0
"85",9,16.638559,192000000,15625,"DYNAMIC",0,0,0,0
"86",10,15.712828,192000000,15625,"DYNAMIC",0,0,0,0
"87",11,15.729895,192000000,15625,"DYNAMIC",0,0,0,0
"88",12,16.671347,192000000,15625,"DYNAMIC",0,0,0,0
"89",13,15.827637,192000000,15625,"DYNAMIC",0,0,0,0
"90",14,15.7963,192000000,15625,"DYNAMIC",0,0,0,0
"91",15,15.639251,192000000,15625,"DYNAMIC",0,0,0,0
"92",16,15.871746,192000000,15625,"DYNAMIC",0,0,0,0
"93",17,15.842599,192000000,15625,"DYNAMIC",0,0,0,0
"94",18,15.839992,192000000,15625,"DYNAMIC",0,0,0,0
"95",19,15.906966,192000000,15625,"DYNAMIC",0,0,0,0
"96",20,15.937198,192000000,15625,"DYNAMIC",0,0,0,0
"97",21,15.836178,192000000,15625,"DYNAMIC",0,0,0,0
"98",22,15.823209,192000000,15625,"DYNAMIC",0,0,0,0
"99",23,15.83674,192000000,15625,"DYNAMIC",0,0,0,0
"100",24,15.856803,192000000,15625,"DYNAMIC",0,0,0,0
"101",25,15.803639,192000000,15625,"DYNAMIC",0,0,0,0
"102",26,16.059816,192000000,15625,"DYNAMIC",0,0,0,0
"103",27,15.821329,192000000,15625,"DYNAMIC",0,0,0,0
"104",28,15.893315,192000000,15625,"DYNAMIC",0,0,0,0
"105",29,15.813492,192000000,15625,"DYNAMIC",0,0,0,0
"106",30,15.841784,192000000,15625,"DYNAMIC",0,0,0,0
"107",31,15.885631,192000000,15625,"DYNAMIC",0,0,0,0
"108",32,15.803741,192000000,15625,"DYNAMIC",0,0,0,0
"109",33,15.83905,192000000,15625,"DYNAMIC",0,0,0,0
"110",34,15.83416,192000000,15625,"DYNAMIC",0,0,0,0
"111",35,16.323046,192000000,15625,"DYNAMIC",0,0,0,0
"112",36,15.839156,192000000,15625,"DYNAMIC",0,0,0,0
"113",37,15.892003,192000000,15625,"DYNAMIC",0,0,0,0
"114",38,15.890288,192000000,15625,"DYNAMIC",0,0,0,0
"115",1,18.912584,136500351,11108,"DENSE",0,1,0,1
"116",2,20.545095,131593187,10709,"DENSE",0,1,0,1
"117",3,17.846018,143822511,11704,"DENSE",0,1,0,1
"118",4,17.109131,150502706,12247,"DENSE",0,1,0,1
"119",5,16.705126,153831702,12518,"DENSE",0,1,0,1
"120",6,18.606987,141843275,11543,"DENSE",0,1,0,1
"121",7,21.986683,131815629,10727,"DENSE",0,1,0,1
"122",8,17.451694,147421772,11997,"DENSE",0,1,0,1
"123",9,18.681473,139245708,11331,"DENSE",0,1,0,1
"124",10,17.857742,144384092,11750,"DENSE",0,1,0,1
"125",11,17.132227,150039480,12210,"DENSE",0,1,0,1
"126",12,17.242531,148766862,12106,"DENSE",0,1,0,1
"127",13,17.394165,147288611,11986,"DENSE",0,1,0,1
"128",14,16.877068,149597208,12174,"DENSE",0,1,0,1
"129",15,17.35849,145806052,11865,"DENSE",0,1,0,1
"130",16,16.547277,152768643,12432,"DENSE",0,1,0,1
"131",17,18.096523,142654702,11609,"DENSE",0,1,0,1
"132",18,20.438049,129500766,10538,"DENSE",0,1,0,1
"133",19,20.913002,125840521,10240,"DENSE",0,1,0,1
"134",20,20.488899,129815625,10564,"DENSE",0,1,0,1
"135",21,20.282726,130794700,10644,"DENSE",0,1,0,1
"136",22,17.041252,148004315,12044,"DENSE",0,1,0,1
"137",23,18.154205,140992693,11474,"DENSE",0,1,0,1
"138",24,19.594725,132953984,10819,"DENSE",0,1,0,1
"139",25,18.272423,140527524,11436,"DENSE",0,1,0,1
"140",26,18.197243,141805056,11540,"DENSE",0,1,0,1
"141",27,17.770592,142579426,11603,"DENSE",0,1,0,1
"142",28,17.515617,144233542,11737,"DENSE",0,1,0,1
"143",29,19.878515,130476658,10618,"DENSE",0,1,0,1
"144",30,18.708864,138063827,11235,"DENSE",0,1,0,1
"145",31,18.457479,140292723,11417,"DENSE",0,1,0,1
"146",32,16.314938,154935614,12608,"DENSE",0,1,0,1
"147",33,18.899187,133457579,10860,"DENSE",0,1,0,1
"148",34,21.004454,124361741,10120,"DENSE",0,1,0,1
"149",35,19.272041,135066998,10991,"DENSE",0,1,0,1
"150",36,19.866169,132381239,10773,"DENSE",0,1,0,1
"151",37,17.526527,144209951,11735,"DENSE",0,1,0,1
"152",38,19.116875,132925505,10817,"DENSE",0,1,0,1
"153",1,55.192699,49833763,4055,"SPARSE",0,1,0,1
"154",2,48.910381,74422219,6056,"SPARSE",0,1,0,1
"155",3,40.713203,103695322,8438,"SPARSE",0,1,0,1
"156",4,38.374828,98763984,8037,"SPARSE",0,1,0,1
"157",5,43.417534,103049391,8386,"SPARSE",0,1,0,1
"158",6,49.572823,83730167,6813,"SPARSE",0,1,0,1
"159",7,49.815327,84671995,6890,"SPARSE",0,1,0,1
"160",8,50.840973,74272834,6044,"SPARSE",0,1,0,1
"161",9,52.025597,68735729,5593,"SPARSE",0,1,0,1
"162",10,51.549427,59363811,4831,"SPARSE",0,1,0,1
"163",11,49.253696,71693240,5834,"SPARSE",0,1,0,1
"164",12,46.505997,101554512,8264,"SPARSE",0,1,0,1
"165",13,50.959873,80656417,6563,"SPARSE",0,1,0,1
"166",14,50.071507,86049314,7002,"SPARSE",0,1,0,1
"167",15,51.28323,80666310,6564,"SPARSE",0,1,0,1
"168",17,50.221035,87673208,7134,"SPARSE",0,1,0,1
"169",16,51.737278,80205430,6527,"SPARSE",0,1,0,1
"170",18,49.871223,85331272,6944,"SPARSE",0,1,0,1
"171",19,49.112915,84861495,6906,"SPARSE",0,1,0,1
"172",20,48.938396,97111617,7902,"SPARSE",0,1,0,1
"173",21,47.998043,99952033,8134,"SPARSE",0,1,0,1
"174",22,49.081734,81267637,6613,"SPARSE",0,1,0,1
"175",23,49.25761,93199884,7584,"SPARSE",0,1,0,1
"176",24,50.107426,84920191,6910,"SPARSE",0,1,0,1
"177",25,51.318317,84659682,6889,"SPARSE",0,1,0,1
"178",26,51.820602,82639184,6725,"SPARSE",0,1,0,1
"179",27,51.631332,85214208,6934,"SPARSE",0,1,0,1
"180",28,50.372116,90928462,7399,"SPARSE",0,1,0,1
"181",29,48.448006,94004718,7650,"SPARSE",0,1,0,1
"182",30,48.082623,96291197,7836,"SPARSE",0,1,0,1
"183",31,46.374817,93897551,7641,"SPARSE",0,1,0,1
"184",32,48.923225,94587231,7697,"SPARSE",0,1,0,1
"185",33,45.746853,108854368,8858,"SPARSE",0,1,0,1
"186",34,47.206051,98991490,8055,"SPARSE",0,1,0,1
"187",35,44.767998,109464677,8908,"SPARSE",0,1,0,1
"188",36,46.242348,109348988,8898,"SPARSE",0,1,0,1
"189",37,45.992573,104155364,8476,"SPARSE",0,1,0,1
"190",38,47.641006,97622583,7944,"SPARSE",0,1,0,1
"191",1,5.344291,51029816,4152,"DYNAMIC",0,1,0,1
"192",2,5.452847,55319844,4501,"DYNAMIC",0,1,0,1
"193",3,5.565111,55975412,4555,"DYNAMIC",0,1,0,1
"194",4,5.000225,57467784,4676,"DYNAMIC",0,1,0,1
"195",5,5.594089,58201900,4736,"DYNAMIC",0,1,0,1
"196",6,5.482896,54381298,4425,"DYNAMIC",0,1,0,1
"197",7,4.736712,55664138,4529,"DYNAMIC",0,1,0,1
"198",8,5.45288,49264101,4009,"DYNAMIC",0,1,0,1
"199",9,5.398574,52823303,4298,"DYNAMIC",0,1,0,1
"200",10,5.375236,53754940,4374,"DYNAMIC",0,1,0,1
"201",11,5.395968,52270622,4253,"DYNAMIC",0,1,0,1
"202",12,4.850251,51822459,4217,"DYNAMIC",0,1,0,1
"203",13,5.517805,53245659,4333,"DYNAMIC",0,1,0,1
"204",14,5.496747,51533342,4193,"DYNAMIC",0,1,0,1
"205",15,4.977309,36896900,3002,"DYNAMIC",0,1,0,1
"206",16,5.314045,52010044,4232,"DYNAMIC",0,1,0,1
"207",17,5.189147,47406359,3857,"DYNAMIC",0,1,0,1
"208",18,5.211491,59003624,4801,"DYNAMIC",0,1,0,1
"209",19,5.536643,59536413,4845,"DYNAMIC",0,1,0,1
"210",20,6.161923,55469292,4514,"DYNAMIC",0,1,0,1
"211",21,6.074804,54962648,4472,"DYNAMIC",0,1,0,1
"212",22,6.109347,52745137,4292,"DYNAMIC",0,1,0,1
"213",23,6.090836,52059082,4236,"DYNAMIC",0,1,0,1
"214",24,6.097701,57862575,4708,"DYNAMIC",0,1,0,1
"215",25,6.083816,57691513,4694,"DYNAMIC",0,1,0,1
"216",26,6.10357,56182999,4572,"DYNAMIC",0,1,0,1
"217",27,6.138611,50480049,4108,"DYNAMIC",0,1,0,1
"218",28,6.139136,52447447,4268,"DYNAMIC",0,1,0,1
"219",29,6.184209,45278129,3684,"DYNAMIC",0,1,0,1
"220",30,5.709715,55451989,4512,"DYNAMIC",0,1,0,1
"221",NA,NA,NA,NA,"DYNAMIC",0,1,0,1
"222",32,5.809044,44318830,3606,"DYNAMIC",0,1,0,1
"223",33,6.10742,62573331,5092,"DYNAMIC",0,1,0,1
"224",34,6.070705,56266105,4578,"DYNAMIC",0,1,0,1
"225",35,6.044471,52304344,4256,"DYNAMIC",0,1,0,1
"226",36,6.037655,61159639,4977,"DYNAMIC",0,1,0,1
"227",37,6.088725,50911074,4143,"DYNAMIC",0,1,0,1
"228",38,5.965222,57513013,4680,"DYNAMIC",0,1,0,1
"229",1,15.93964,96000000,15625,"DENSE",1,0,0,1
"230",2,15.873529,96000000,15625,"DENSE",1,0,0,1
"231",3,16.188469,96000000,15625,"DENSE",1,0,0,1
"232",4,16.114166,96000000,15625,"DENSE",1,0,0,1
"233",5,15.857436,96000000,15625,"DENSE",1,0,0,1
"234",6,15.965958,96000000,15625,"DENSE",1,0,0,1
"235",7,15.917927,96000000,15625,"DENSE",1,0,0,1
"236",8,15.917866,96000000,15625,"DENSE",1,0,0,1
"237",9,15.931123,96000000,15625,"DENSE",1,0,0,1
"238",10,16.122139,96000000,15625,"DENSE",1,0,0,1
"239",11,16.049135,96000000,15625,"DENSE",1,0,0,1
"240",12,16.013939,96000000,15625,"DENSE",1,0,0,1
"241",13,15.991754,96000000,15625,"DENSE",1,0,0,1
"242",14,15.978672,96000000,15625,"DENSE",1,0,0,1
"243",15,15.702277,96000000,15625,"DENSE",1,0,0,1
"244",16,16.022989,96000000,15625,"DENSE",1,0,0,1
"245",17,15.943041,96000000,15625,"DENSE",1,0,0,1
"246",18,16.193518,96000000,15625,"DENSE",1,0,0,1
"247",19,17.108715,96000000,15625,"DENSE",1,0,0,1
"248",20,15.875601,96000000,15625,"DENSE",1,0,0,1
"249",21,15.997387,96000000,15625,"DENSE",1,0,0,1
"250",22,16.188337,96000000,15625,"DENSE",1,0,0,1
"251",23,16.956947,96000000,15625,"DENSE",1,0,0,1
"252",24,16.389975,96000000,15625,"DENSE",1,0,0,1
"253",25,16.154455,96000000,15625,"DENSE",1,0,0,1
"254",26,15.806998,96000000,15625,"DENSE",1,0,0,1
"255",27,15.476627,96000000,15625,"DENSE",1,0,0,1
"256",28,15.493299,96000000,15625,"DENSE",1,0,0,1
"257",29,15.804638,96000000,15625,"DENSE",1,0,0,1
"258",30,16.400911,96000000,15625,"DENSE",1,0,0,1
"259",31,16.321505,96000000,15625,"DENSE",1,0,0,1
"260",32,16.0846,96000000,15625,"DENSE",1,0,0,1
"261",33,16.204628,96000000,15625,"DENSE",1,0,0,1
"262",34,16.166258,96000000,15625,"DENSE",1,0,0,1
"263",35,16.164381,96000000,15625,"DENSE",1,0,0,1
"264",36,16.069197,96000000,15625,"DENSE",1,0,0,1
"265",37,17.185518,96000000,15625,"DENSE",1,0,0,1
"266",38,16.026033,96000000,15625,"DENSE",1,0,0,1
"267",1,17.126034,96000000,15625,"SPARSE",1,0,0,1
"268",2,17.165098,96000000,15625,"SPARSE",1,0,0,1
"269",3,17.113914,96000000,15625,"SPARSE",1,0,0,1
"270",4,17.165443,96000000,15625,"SPARSE",1,0,0,1
"271",5,17.707363,92365800,15033,"SPARSE",1,0,0,1
"272",6,17.109848,96000000,15625,"SPARSE",1,0,0,1
"273",7,17.134481,96000000,15625,"SPARSE",1,0,0,1
"274",8,17.307377,96000000,15625,"SPARSE",1,0,0,1
"275",9,17.316084,96000000,15625,"SPARSE",1,0,0,1
"276",10,17.300829,96000000,15625,"SPARSE",1,0,0,1
"277",11,17.237888,96000000,15625,"SPARSE",1,0,0,1
"278",12,16.780005,96000000,15625,"SPARSE",1,0,0,1
"279",13,17.053524,96000000,15625,"SPARSE",1,0,0,1
"280",14,17.123184,96000000,15625,"SPARSE",1,0,0,1
"281",15,17.161608,96000000,15625,"SPARSE",1,0,0,1
"282",16,17.108818,96000000,15625,"SPARSE",1,0,0,1
"283",17,17.055389,96000000,15625,"SPARSE",1,0,0,1
"284",18,17.106665,96000000,15625,"SPARSE",1,0,0,1
"285",19,17.140339,96000000,15625,"SPARSE",1,0,0,1
"286",20,17.162605,96000000,15625,"SPARSE",1,0,0,1
"287",21,17.00382,96000000,15625,"SPARSE",1,0,0,1
"288",22,17.112717,96000000,15625,"SPARSE",1,0,0,1
"289",23,17.104305,96000000,15625,"SPARSE",1,0,0,1
"290",24,17.290321,96000000,15625,"SPARSE",1,0,0,1
"291",25,17.027784,96000000,15625,"SPARSE",1,0,0,1
"292",26,17.261189,96000000,15625,"SPARSE",1,0,0,1
"293",27,16.953238,96000000,15625,"SPARSE",1,0,0,1
"294",28,17.05793,96000000,15625,"SPARSE",1,0,0,1
"295",29,17.300571,96000000,15625,"SPARSE",1,0,0,1
"296",30,16.853163,95991976,15623,"SPARSE",1,0,0,1
"297",31,16.855827,95952250,15617,"SPARSE",1,0,0,1
"298",32,15.77361,96000000,15625,"SPARSE",1,0,0,1
"299",33,16.931173,96000000,15625,"SPARSE",1,0,0,1
"300",34,16.866875,96000000,15625,"SPARSE",1,0,0,1
"301",35,16.888868,96000000,15625,"SPARSE",1,0,0,1
"302",36,16.889465,96000000,15625,"SPARSE",1,0,0,1
"303",37,16.890144,96000000,15625,"SPARSE",1,0,0,1
"304",38,17.239138,96000000,15625,"SPARSE",1,0,0,1
"305",1,16.819607,96000000,15625,"DYNAMIC",1,0,0,1
"306",2,16.816956,96000000,15625,"DYNAMIC",1,0,0,1
"307",3,16.647102,96000000,15625,"DYNAMIC",1,0,0,1
"308",4,16.763807,96000000,15625,"DYNAMIC",1,0,0,1
"309",5,17.109236,96000000,15625,"DYNAMIC",1,0,0,1
"310",6,17.0959,96000000,15625,"DYNAMIC",1,0,0,1
"311",7,17.226534,96000000,15625,"DYNAMIC",1,0,0,1
"312",8,16.783627,96000000,15625,"DYNAMIC",1,0,0,1
"313",9,16.733068,96000000,15625,"DYNAMIC",1,0,0,1
"314",10,16.765703,96000000,15625,"DYNAMIC",1,0,0,1
"315",11,16.841967,96000000,15625,"DYNAMIC",1,0,0,1
"316",12,16.833698,96000000,15625,"DYNAMIC",1,0,0,1
"317",13,16.887503,96000000,15625,"DYNAMIC",1,0,0,1
"318",14,16.752537,96000000,15625,"DYNAMIC",1,0,0,1
"319",15,16.890423,96000000,15625,"DYNAMIC",1,0,0,1
"320",16,16.894463,96000000,15625,"DYNAMIC",1,0,0,1
"321",17,17.043331,96000000,15625,"DYNAMIC",1,0,0,1
"322",18,17.005117,96000000,15625,"DYNAMIC",1,0,0,1
"323",19,16.890554,96000000,15625,"DYNAMIC",1,0,0,1
"324",20,17.06547,96000000,15625,"DYNAMIC",1,0,0,1
"325",21,17.049568,96000000,15625,"DYNAMIC",1,0,0,1
"326",22,16.105574,96000000,15625,"DYNAMIC",1,0,0,1
"327",23,16.881115,96000000,15625,"DYNAMIC",1,0,0,1
"328",24,17.069649,96000000,15625,"DYNAMIC",1,0,0,1
"329",25,16.02882,96000000,15625,"DYNAMIC",1,0,0,1
"330",26,16.770594,96000000,15625,"DYNAMIC",1,0,0,1
"331",27,17.004362,96000000,15625,"DYNAMIC",1,0,0,1
"332",28,17.052219,96000000,15625,"DYNAMIC",1,0,0,1
"333",29,17.06068,96000000,15625,"DYNAMIC",1,0,0,1
"334",30,17.052153,96000000,15625,"DYNAMIC",1,0,0,1
"335",31,17.066179,96000000,15625,"DYNAMIC",1,0,0,1
"336",32,17.078342,96000000,15625,"DYNAMIC",1,0,0,1
"337",33,17.034472,96000000,15625,"DYNAMIC",1,0,0,1
"338",34,16.502388,96000000,15625,"DYNAMIC",1,0,0,1
"339",35,16.757719,96000000,15625,"DYNAMIC",1,0,0,1
"340",36,17.031488,96000000,15625,"DYNAMIC",1,0,0,1
"341",37,17.047087,96000000,15625,"DYNAMIC",1,0,0,1
"342",38,16.606192,96000000,15625,"DYNAMIC",1,0,0,1
"343",1,14.368759,180398484,14680,"DENSE",0,0,1,1
"344",2,14.471885,180273152,14670,"DENSE",0,0,1,1
"345",3,14.555421,183767320,14955,"DENSE",0,0,1,1
"346",4,14.691907,185847420,15124,"DENSE",0,0,1,1
"347",5,14.379313,182872382,14882,"DENSE",0,0,1,1
"348",6,13.910971,185120874,15065,"DENSE",0,0,1,1
"349",7,13.942653,184592316,15022,"DENSE",0,0,1,1
"350",8,13.82668,184184948,14989,"DENSE",0,0,1,1
"351",9,13.835321,183658328,14946,"DENSE",0,0,1,1
"352",10,13.936373,179782350,14630,"DENSE",0,0,1,1
"353",11,13.922694,183728596,14951,"DENSE",0,0,1,1
"354",12,13.885964,184500574,15014,"DENSE",0,0,1,1
"355",13,13.934337,187056728,15222,"DENSE",0,0,1,1
"356",14,14.442235,188471540,15337,"DENSE",0,0,1,1
"357",15,14.248104,184702012,15031,"DENSE",0,0,1,1
"358",16,13.891207,178396714,14517,"DENSE",0,0,1,1
"359",17,14.130181,182876676,14882,"DENSE",0,0,1,1
"360",18,14.087221,183655640,14945,"DENSE",0,0,1,1
"361",19,14.082038,184486954,15013,"DENSE",0,0,1,1
"362",20,14.011279,179967438,14645,"DENSE",0,0,1,1
"363",21,14.063074,183974088,14971,"DENSE",0,0,1,1
"364",22,14.006276,182713112,14869,"DENSE",0,0,1,1
"365",23,14.048137,175865336,14311,"DENSE",0,0,1,1
"366",24,14.027597,179437394,14602,"DENSE",0,0,1,1
"367",25,14.181555,176819176,14389,"DENSE",0,0,1,1
"368",26,14.067642,176188170,14338,"DENSE",0,0,1,1
"369",27,14.142094,183232970,14911,"DENSE",0,0,1,1
"370",28,13.866662,183454866,14929,"DENSE",0,0,1,1
"371",29,13.944594,182484196,14850,"DENSE",0,0,1,1
"372",30,13.9743,185022734,15057,"DENSE",0,0,1,1
"373",31,14.055261,180965376,14727,"DENSE",0,0,1,1
"374",32,13.997927,180584100,14695,"DENSE",0,0,1,1
"375",33,14.073265,183925686,14967,"DENSE",0,0,1,1
"376",34,14.069905,181180098,14744,"DENSE",0,0,1,1
"377",35,14.225707,180446548,14684,"DENSE",0,0,1,1
"378",36,14.131747,182921464,14886,"DENSE",0,0,1,1
"379",37,14.158122,177246532,14424,"DENSE",0,0,1,1
"380",38,13.984944,181062864,14734,"DENSE",0,0,1,1
"381",1,16.754536,78833008,6415,"SPARSE",0,0,1,1
"382",2,16.780651,62419688,5079,"SPARSE",0,0,1,1
"383",3,16.741322,72542038,5903,"SPARSE",0,0,1,1
"384",4,16.795055,81530686,6634,"SPARSE",0,0,1,1
"385",5,16.748234,60924582,4958,"SPARSE",0,0,1,1
"386",6,16.813999,76987996,6265,"SPARSE",0,0,1,1
"387",7,16.839186,81368862,6621,"SPARSE",0,0,1,1
"388",8,16.771561,81421744,6626,"SPARSE",0,0,1,1
"389",9,16.838598,81774230,6654,"SPARSE",0,0,1,1
"390",10,16.8428,72593730,5907,"SPARSE",0,0,1,1
"391",11,16.773054,82932196,6749,"SPARSE",0,0,1,1
"392",12,16.772346,83100454,6762,"SPARSE",0,0,1,1
"393",13,16.800135,71197058,5794,"SPARSE",0,0,1,1
"394",14,16.86212,85816886,6983,"SPARSE",0,0,1,1
"395",15,16.814289,67067420,5457,"SPARSE",0,0,1,1
"396",16,16.866428,81098342,6599,"SPARSE",0,0,1,1
"397",17,16.829708,60735054,4942,"SPARSE",0,0,1,1
"398",18,16.8701,82466936,6711,"SPARSE",0,0,1,1
"399",19,16.809616,80788858,6574,"SPARSE",0,0,1,1
"400",20,16.883102,83098104,6762,"SPARSE",0,0,1,1
"401",21,16.891703,58096362,4727,"SPARSE",0,0,1,1
"402",22,16.887783,70565308,5742,"SPARSE",0,0,1,1
"403",23,16.911978,54758314,4456,"SPARSE",0,0,1,1
"404",24,16.870754,79659344,6482,"SPARSE",0,0,1,1
"405",25,16.817028,67656082,5505,"SPARSE",0,0,1,1
"406",26,16.900188,68603228,5582,"SPARSE",0,0,1,1
"407",27,16.821949,69113130,5624,"SPARSE",0,0,1,1
"408",28,16.877716,84981832,6915,"SPARSE",0,0,1,1
"409",29,16.85074,62099648,5053,"SPARSE",0,0,1,1
"410",30,16.932819,82798800,6738,"SPARSE",0,0,1,1
"411",31,16.87982,72034858,5862,"SPARSE",0,0,1,1
"412",32,16.911634,70898096,5769,"SPARSE",0,0,1,1
"413",33,16.91568,82876776,6744,"SPARSE",0,0,1,1
"414",34,16.945444,66262464,5392,"SPARSE",0,0,1,1
"415",35,16.927498,82855574,6742,"SPARSE",0,0,1,1
"416",36,16.912279,68037360,5536,"SPARSE",0,0,1,1
"417",37,16.895479,84983904,6916,"SPARSE",0,0,1,1
"418",38,16.925644,77126544,6276,"SPARSE",0,0,1,1
"419",1,15.939187,177810929,14470,"DYNAMIC",0,0,1,1
"420",2,15.836684,171087308,13923,"DYNAMIC",0,0,1,1
"421",3,16.026274,179683412,14622,"DYNAMIC",0,0,1,1
"422",4,16.111246,168094176,13679,"DYNAMIC",0,0,1,1
"423",5,15.995255,146067709,11887,"DYNAMIC",0,0,1,1
"424",6,15.889326,172312832,14022,"DYNAMIC",0,0,1,1
"425",7,15.851896,181955993,14807,"DYNAMIC",0,0,1,1
"426",8,16.071171,175461211,14279,"DYNAMIC",0,0,1,1
"427",9,16.019047,177860726,14474,"DYNAMIC",0,0,1,1
"428",10,15.865499,175790592,14305,"DYNAMIC",0,0,1,1
"429",11,15.978483,175166306,14255,"DYNAMIC",0,0,1,1
"430",12,16.171299,177859130,14474,"DYNAMIC",0,0,1,1
"431",13,16.092119,180028302,14650,"DYNAMIC",0,0,1,1
"432",14,16.024963,177823794,14471,"DYNAMIC",0,0,1,1
"433",15,15.944009,174809699,14226,"DYNAMIC",0,0,1,1
"434",16,15.947522,174842484,14228,"DYNAMIC",0,0,1,1
"435",17,15.91703,178291792,14509,"DYNAMIC",0,0,1,1
"436",18,15.926965,173043491,14082,"DYNAMIC",0,0,1,1
"437",19,16.023283,178296138,14509,"DYNAMIC",0,0,1,1
"438",20,15.955349,175943696,14318,"DYNAMIC",0,0,1,1
"439",21,16.009823,175245159,14261,"DYNAMIC",0,0,1,1
"440",22,15.954677,173101157,14087,"DYNAMIC",0,0,1,1
"441",23,15.960925,173912471,14153,"DYNAMIC",0,0,1,1
"442",24,15.984167,179946589,14644,"DYNAMIC",0,0,1,1
"443",25,16.006514,173973402,14157,"DYNAMIC",0,0,1,1
"444",26,15.912112,172546005,14041,"DYNAMIC",0,0,1,1
"445",27,16.167158,174281560,14183,"DYNAMIC",0,0,1,1
"446",28,15.892039,174100684,14168,"DYNAMIC",0,0,1,1
"447",29,15.914111,179010918,14567,"DYNAMIC",0,0,1,1
"448",30,16.178646,176357376,14352,"DYNAMIC",0,0,1,1
"449",31,15.954362,175791061,14305,"DYNAMIC",0,0,1,1
"450",32,15.962819,179780935,14630,"DYNAMIC",0,0,1,1
"451",33,16.039673,178103586,14494,"DYNAMIC",0,0,1,1
"452",34,15.984597,176696188,14379,"DYNAMIC",0,0,1,1
"453",35,16.015388,178385860,14517,"DYNAMIC",0,0,1,1
"454",36,16.055387,179379971,14597,"DYNAMIC",0,0,1,1
"455",37,16.008709,177720785,14462,"DYNAMIC",0,0,1,1
"456",38,15.963461,178108747,14494,"DYNAMIC",0,0,1,1
"457",1,20.248243,72721383,11836,"DENSE",1,1,0,2
"458",2,22.046583,68242385,11107,"DENSE",1,1,0,2
"459",3,20.674952,71737393,11676,"DENSE",1,1,0,2
"460",4,21.108974,71190144,11586,"DENSE",1,1,0,2
"461",5,20.110611,74476107,12121,"DENSE",1,1,0,2
"462",6,20.481337,72172725,11746,"DENSE",1,1,0,2
"463",7,21.190214,71056579,11565,"DENSE",1,1,0,2
"464",8,20.933029,70915852,11542,"DENSE",1,1,0,2
"465",9,24.939713,60749583,9887,"DENSE",1,1,0,2
"466",10,23.205608,65464048,10654,"DENSE",1,1,0,2
"467",11,24.698511,66172245,10770,"DENSE",1,1,0,2
"468",12,24.430338,64837587,10552,"DENSE",1,1,0,2
"469",13,24.2875,65497179,10660,"DENSE",1,1,0,2
"470",14,23.284222,68308206,11117,"DENSE",1,1,0,2
"471",15,25.314703,67583577,10999,"DENSE",1,1,0,2
"472",16,23.342953,69312023,11281,"DENSE",1,1,0,2
"473",17,23.511713,63734717,10373,"DENSE",1,1,0,2
"474",18,25.320021,62799741,10221,"DENSE",1,1,0,2
"475",19,24.073851,62598732,10188,"DENSE",1,1,0,2
"476",20,26.82786,65850930,10717,"DENSE",1,1,0,2
"477",21,23.571136,63094140,10269,"DENSE",1,1,0,2
"478",22,24.295954,65012510,10581,"DENSE",1,1,0,2
"479",22,25.450365,64087529,10430,"DENSE",1,1,0,2
"480",23,24.610622,62443694,10163,"DENSE",1,1,0,2
"481",24,23.852362,65388043,10642,"DENSE",1,1,0,2
"482",25,24.043852,66705638,10857,"DENSE",1,1,0,2
"483",26,21.24753,69441072,11302,"DENSE",1,1,0,2
"484",27,21.083584,70031040,11398,"DENSE",1,1,0,2
"485",28,22.092234,67082426,10918,"DENSE",1,1,0,2
"486",29,21.6602,68665911,11176,"DENSE",1,1,0,2
"487",30,21.84635,67684677,11016,"DENSE",1,1,0,2
"488",31,24.899548,64812919,10548,"DENSE",1,1,0,2
"489",32,28.854702,66300683,10791,"DENSE",1,1,0,2
"490",33,24.209465,62917895,10240,"DENSE",1,1,0,2
"491",34,24.937441,59585413,9698,"DENSE",1,1,0,2
"492",35,23.106722,65527464,10665,"DENSE",1,1,0,2
"493",36,22.886267,66596756,10839,"DENSE",1,1,0,2
"494",37,22.107502,69166552,11257,"DENSE",1,1,0,2
"495",38,23.618553,66981795,10901,"DENSE",1,1,0,2
"496",1,54.932995,34030619,5538,"SPARSE",1,1,0,2
"497",2,50.683891,41191464,6704,"SPARSE",1,1,0,2
"498",3,48.139919,55054731,8960,"SPARSE",1,1,0,2
"499",4,46.443695,57688761,9389,"SPARSE",1,1,0,2
"500",5,50.150909,45706145,7439,"SPARSE",1,1,0,2
"501",6,47.640011,57408938,9343,"SPARSE",1,1,0,2
"502",7,51.22953,48041766,7819,"SPARSE",1,1,0,2
"503",8,48.692959,53079759,8639,"SPARSE",1,1,0,2
"504",9,50.92157,49806216,8106,"SPARSE",1,1,0,2
"505",10,49.530121,51912785,8449,"SPARSE",1,1,0,2
"506",11,49.929535,54061137,8799,"SPARSE",1,1,0,2
"507",12,48.61515,54396677,8853,"SPARSE",1,1,0,2
"508",13,49.224606,53756495,8749,"SPARSE",1,1,0,2
"509",14,51.267185,47457326,7724,"SPARSE",1,1,0,2
"510",15,51.011864,48784311,7940,"SPARSE",1,1,0,2
"511",16,50.281147,46489489,7566,"SPARSE",1,1,0,2
"512",17,51.418442,46431310,7557,"SPARSE",1,1,0,2
"513",18,51.144215,47228690,7686,"SPARSE",1,1,0,2
"514",19,50.214413,46437645,7558,"SPARSE",1,1,0,2
"515",20,49.491592,46307328,7537,"SPARSE",1,1,0,2
"516",21,50.361153,44708837,7276,"SPARSE",1,1,0,2
"517",22,47.911045,52181754,8493,"SPARSE",1,1,0,2
"518",23,46.413822,59813463,9735,"SPARSE",1,1,0,2
"519",24,48.13158,56383067,9176,"SPARSE",1,1,0,2
"520",25,48.56657,52472811,8540,"SPARSE",1,1,0,2
"521",26,49.159679,47720819,7767,"SPARSE",1,1,0,2
"522",27,47.844254,49032425,7980,"SPARSE",1,1,0,2
"523",28,49.559959,49198243,8007,"SPARSE",1,1,0,2
"524",29,46.437611,59054679,9611,"SPARSE",1,1,0,2
"525",30,49.565483,53240340,8665,"SPARSE",1,1,0,2
"526",31,51.772095,46357301,7545,"SPARSE",1,1,0,2
"527",32,49.906925,51426948,8370,"SPARSE",1,1,0,2
"528",33,47.868694,54946432,8943,"SPARSE",1,1,0,2
"529",34,49.545815,50313011,8188,"SPARSE",1,1,0,2
"530",35,48.977818,51941791,8454,"SPARSE",1,1,0,2
"531",36,48.499027,53780480,8753,"SPARSE",1,1,0,2
"532",37,47.601109,57243946,9317,"SPARSE",1,1,0,2
"533",38,49.575619,49976401,8134,"SPARSE",1,1,0,2
"534",1,5.857963,35263903,5739,"DYNAMIC",1,1,0,2
"535",2,5.775906,38717827,6301,"DYNAMIC",1,1,0,2
"536",3,5.837042,29369316,4780,"DYNAMIC",1,1,0,2
"537",4,6.005683,20804230,3386,"DYNAMIC",1,1,0,2
"538",5,5.970779,26004803,4232,"DYNAMIC",1,1,0,2
"539",6,5.850738,15273153,2485,"DYNAMIC",1,1,0,2
"540",7,5.678953,11415381,1857,"DYNAMIC",1,1,0,2
"541",8,5.756516,27885568,4538,"DYNAMIC",1,1,0,2
"542",9,5.777048,28903936,4704,"DYNAMIC",1,1,0,2
"543",10,5.674711,28949845,4711,"DYNAMIC",1,1,0,2
"544",11,5.872132,25940300,4222,"DYNAMIC",1,1,0,2
"545",12,5.628191,41906176,6820,"DYNAMIC",1,1,0,2
"546",13,5.629901,40773866,6636,"DYNAMIC",1,1,0,2
"547",14,5.851622,30805849,5013,"DYNAMIC",1,1,0,2
"548",15,5.763761,19342165,3148,"DYNAMIC",1,1,0,2
"549",16,5.573016,27017625,4397,"DYNAMIC",1,1,0,2
"550",17,5.866996,25748341,4190,"DYNAMIC",1,1,0,2
"551",18,5.565343,27664676,4502,"DYNAMIC",1,1,0,2
"552",19,5.755599,27755861,4517,"DYNAMIC",1,1,0,2
"553",20,5.617674,26664106,4339,"DYNAMIC",1,1,0,2
"554",21,5.687188,25670997,4178,"DYNAMIC",1,1,0,2
"555",22,5.690129,28564138,4649,"DYNAMIC",1,1,0,2
"556",23,5.412245,25681920,4180,"DYNAMIC",1,1,0,2
"557",24,5.592857,26007200,4232,"DYNAMIC",1,1,0,2
"558",25,5.589198,38967808,6342,"DYNAMIC",1,1,0,2
"559",26,5.74352,25548288,4158,"DYNAMIC",1,1,0,2
"560",27,5.703251,29124949,4740,"DYNAMIC",1,1,0,2
"561",28,5.911371,27774922,4520,"DYNAMIC",1,1,0,2
"562",29,5.749672,38262673,6227,"DYNAMIC",1,1,0,2
"563",30,5.771845,36584277,5954,"DYNAMIC",1,1,0,2
"564",31,5.96418,26312165,4282,"DYNAMIC",1,1,0,2
"565",32,5.87657,27650656,4500,"DYNAMIC",1,1,0,2
"566",33,5.90985,20288134,3302,"DYNAMIC",1,1,0,2
"567",34,5.995165,13815269,2248,"DYNAMIC",1,1,0,2
"568",35,5.606608,17874944,2909,"DYNAMIC",1,1,0,2
"569",36,6.091002,19891038,3237,"DYNAMIC",1,1,0,2
"570",37,6.082572,22290917,3628,"DYNAMIC",1,1,0,2
"571",38,6.022966,18270477,2973,"DYNAMIC",1,1,0,2
"572",1,17.69389,146475945,11920,"DENSE",0,1,1,2
"573",2,19.966776,137488276,11188,"DENSE",0,1,1,2
"574",3,17.304064,149084391,12132,"DENSE",0,1,1,2
"575",4,17.644928,142724209,11614,"DENSE",0,1,1,2
"576",5,18.947081,136547058,11112,"DENSE",0,1,1,2
"577",6,18.612371,138564644,11276,"DENSE",0,1,1,2
"578",7,18.834879,137631472,11200,"DENSE",0,1,1,2
"579",8,19.367653,132801935,10807,"DENSE",0,1,1,2
"580",9,21.333628,126897876,10326,"DENSE",0,1,1,2
"581",10,20.81518,127267707,10357,"DENSE",0,1,1,2
"582",11,20.524458,125779373,10235,"DENSE",0,1,1,2
"583",12,20.348845,127301141,10359,"DENSE",0,1,1,2
"584",13,19.760107,131000077,10660,"DENSE",0,1,1,2
"585",14,20.070484,129998848,10579,"DENSE",0,1,1,2
"586",15,21.186979,133136210,10834,"DENSE",0,1,1,2
"587",16,21.882318,120353184,9794,"DENSE",0,1,1,2
"588",17,19.618744,131908243,10734,"DENSE",0,1,1,2
"589",18,20.325277,127878093,10406,"DENSE",0,1,1,2
"590",19,19.597284,133195880,10839,"DENSE",0,1,1,2
"591",20,17.086048,148130304,12054,"DENSE",0,1,1,2
"592",21,16.532484,153768990,12513,"DENSE",0,1,1,2
"593",22,16.475536,153683339,12506,"DENSE",0,1,1,2
"594",23,15.602771,160998272,13102,"DENSE",0,1,1,2
"595",24,16.745684,152885850,12441,"DENSE",0,1,1,2
"596",25,17.779009,141999672,11555,"DENSE",0,1,1,2
"597",26,17.131355,148083515,12051,"DENSE",0,1,1,2
"598",27,18.208979,139413504,11345,"DENSE",0,1,1,2
"599",28,17.205206,150319222,12233,"DENSE",0,1,1,2
"600",29,19.463562,134828067,10972,"DENSE",0,1,1,2
"601",30,17.112093,148264054,12065,"DENSE",0,1,1,2
"602",31,17.326456,149190346,12141,"DENSE",0,1,1,2
"603",32,17.005754,149499943,12166,"DENSE",0,1,1,2
"604",33,19.178049,138545334,11274,"DENSE",0,1,1,2
"605",34,18.026718,141610263,11524,"DENSE",0,1,1,2
"606",35,17.759199,142977024,11635,"DENSE",0,1,1,2
"607",36,17.438351,148714128,12102,"DENSE",0,1,1,2
"608",37,18.867508,138758814,11292,"DENSE",0,1,1,2
"609",38,16.790005,151933289,12364,"DENSE",0,1,1,2
"610",1,60.453331,10930954,889,"SPARSE",0,1,1,2
"611",2,57.538418,8605053,700,"SPARSE",0,1,1,2
"612",3,60.932396,7039193,572,"SPARSE",0,1,1,2
"613",4,63.87608,8030531,653,"SPARSE",0,1,1,2
"614",5,63.510895,8370512,681,"SPARSE",0,1,1,2
"615",6,66.603233,8242088,670,"SPARSE",0,1,1,2
"616",7,66.524178,7624390,620,"SPARSE",0,1,1,2
"617",8,67.38163,7347147,597,"SPARSE",0,1,1,2
"618",9,65.502785,7475021,608,"SPARSE",0,1,1,2
"619",10,66.043533,7664239,623,"SPARSE",0,1,1,2
"620",11,66.059021,7711352,627,"SPARSE",0,1,1,2
"621",12,66.197235,8051983,655,"SPARSE",0,1,1,2
"622",13,64.668762,8021129,652,"SPARSE",0,1,1,2
"623",14,67.052551,8341112,678,"SPARSE",0,1,1,2
"624",15,66.77449,7746642,630,"SPARSE",0,1,1,2
"625",16,66.641891,8166513,664,"SPARSE",0,1,1,2
"626",17,60.590317,7470848,607,"SPARSE",0,1,1,2
"627",18,67.061546,7421861,603,"SPARSE",0,1,1,2
"628",19,66.375465,8680440,706,"SPARSE",0,1,1,2
"629",20,66.595772,8178516,665,"SPARSE",0,1,1,2
"630",21,66.274712,8278046,673,"SPARSE",0,1,1,2
"631",22,66.566505,8156541,663,"SPARSE",0,1,1,2
"632",23,66.698891,8616345,701,"SPARSE",0,1,1,2
"633",24,66.38517,8448409,687,"SPARSE",0,1,1,2
"634",25,66.737839,8212662,668,"SPARSE",0,1,1,2
"635",26,66.955002,8538262,694,"SPARSE",0,1,1,2
"636",27,66.321121,8464624,688,"SPARSE",0,1,1,2
"637",28,67.053566,9529967,775,"SPARSE",0,1,1,2
"638",29,61.196686,9203712,749,"SPARSE",0,1,1,2
"639",30,67.237709,8364181,680,"SPARSE",0,1,1,2
"640",31,66.045448,8083620,657,"SPARSE",0,1,1,2
"641",32,64.16217,8127465,661,"SPARSE",0,1,1,2
"642",33,66.890175,8161852,664,"SPARSE",0,1,1,2
"643",34,64.590691,7995422,650,"SPARSE",0,1,1,2
"644",35,67.125053,7512542,611,"SPARSE",0,1,1,2
"645",36,59.559738,6868229,558,"SPARSE",0,1,1,2
"646",37,65.388916,8462275,688,"SPARSE",0,1,1,2
"647",38,64.990784,8009354,651,"SPARSE",0,1,1,2
"648",1,5.789296,50840105,4137,"DYNAMIC",0,1,1,2
"649",2,5.766718,54778880,4457,"DYNAMIC",0,1,1,2
"650",3,5.809532,47806297,3890,"DYNAMIC",0,1,1,2
"651",4,5.872051,55860251,4545,"DYNAMIC",0,1,1,2
"652",5,5.756112,49866410,4058,"DYNAMIC",0,1,1,2
"653",6,5.896872,53227298,4331,"DYNAMIC",0,1,1,2
"654",7,5.878027,48586752,3954,"DYNAMIC",0,1,1,2
"655",8,5.590878,49942528,4064,"DYNAMIC",0,1,1,2
"656",9,5.907154,42434117,3453,"DYNAMIC",0,1,1,2
"657",10,5.884457,49896918,4060,"DYNAMIC",0,1,1,2
"658",11,5.189298,33166056,2699,"DYNAMIC",0,1,1,2
"659",12,6.005591,28302497,2303,"DYNAMIC",0,1,1,2
"660",13,5.624554,51717120,4208,"DYNAMIC",0,1,1,2
"661",14,5.785439,48159993,3919,"DYNAMIC",0,1,1,2
"662",15,5.794818,21990206,1789,"DYNAMIC",0,1,1,2
"663",16,5.96352,43801869,3564,"DYNAMIC",0,1,1,2
"664",17,5.691638,56606037,4606,"DYNAMIC",0,1,1,2
"665",18,5.841592,44138828,3592,"DYNAMIC",0,1,1,2
"666",19,5.388103,51823917,4217,"DYNAMIC",0,1,1,2
"667",20,5.362352,54587271,4442,"DYNAMIC",0,1,1,2
"668",21,5.829414,42766557,3480,"DYNAMIC",0,1,1,2
"669",22,6.037248,29761536,2422,"DYNAMIC",0,1,1,2
"670",23,5.980379,36042644,2933,"DYNAMIC",0,1,1,2
"671",24,5.969172,26579940,2163,"DYNAMIC",0,1,1,2
"672",25,5.726469,52776960,4295,"DYNAMIC",0,1,1,2
"673",26,5.822445,51922777,4225,"DYNAMIC",0,1,1,2
"674",27,5.77905,45267331,3683,"DYNAMIC",0,1,1,2
"675",28,5.319541,43417600,3533,"DYNAMIC",0,1,1,2
"676",29,5.50603,43954527,3577,"DYNAMIC",0,1,1,2
"677",30,5.694325,43253418,3519,"DYNAMIC",0,1,1,2
"678",31,5.781655,51036160,4153,"DYNAMIC",0,1,1,2
"679",32,5.709038,47799978,3889,"DYNAMIC",0,1,1,2
"680",33,5.795922,53069824,4318,"DYNAMIC",0,1,1,2
"681",34,5.798441,53003457,4313,"DYNAMIC",0,1,1,2
"682",35,5.149893,55456861,4513,"DYNAMIC",0,1,1,2
"683",36,5.878819,55321572,4502,"DYNAMIC",0,1,1,2
"684",37,5.930739,41487521,3376,"DYNAMIC",0,1,1,2
"685",38,5.930022,54301965,4419,"DYNAMIC",0,1,1,2
"686",1,15.415064,90224117,14684,"DENSE",1,0,1,2
"687",2,16.110565,89391600,14549,"DENSE",1,0,1,2
"688",3,16.090302,95220338,15498,"DENSE",1,0,1,2
"689",4,16.129131,94945551,15453,"DENSE",1,0,1,2
"690",5,15.763077,95299267,15510,"DENSE",1,0,1,2
"691",6,15.869112,92385111,15036,"DENSE",1,0,1,2
"692",7,15.641477,95060992,15472,"DENSE",1,0,1,2
"693",8,15.266211,90686232,14760,"DENSE",1,0,1,2
"694",9,15.705136,95568064,15554,"DENSE",1,0,1,2
"695",10,15.461389,94612044,15399,"DENSE",1,0,1,2
"696",11,15.861585,94732625,15418,"DENSE",1,0,1,2
"697",12,15.774287,94897088,15445,"DENSE",1,0,1,2
"698",13,15.588684,95505152,15544,"DENSE",1,0,1,2
"699",14,15.45382,92162941,15000,"DENSE",1,0,1,2
"700",15,15.365058,94248502,15339,"DENSE",1,0,1,2
"701",16,15.670082,95135296,15484,"DENSE",1,0,1,2
"702",17,15.442341,94732848,15418,"DENSE",1,0,1,2
"703",18,15.57478,94417280,15367,"DENSE",1,0,1,2
"704",19,15.355723,93303960,15186,"DENSE",1,0,1,2
"705",20,15.505322,93479278,15214,"DENSE",1,0,1,2
"706",21,15.664744,92722014,15091,"DENSE",1,0,1,2
"707",22,15.66047,94372736,15360,"DENSE",1,0,1,2
"708",23,15.192213,90653266,14754,"DENSE",1,0,1,2
"709",24,15.712455,95279872,15507,"DENSE",1,0,1,2
"710",25,15.316603,93826919,15271,"DENSE",1,0,1,2
"711",26,15.29798,93058411,15146,"DENSE",1,0,1,2
"712",27,15.560962,93593944,15233,"DENSE",1,0,1,2
"713",28,15.612471,95313165,15513,"DENSE",1,0,1,2
"714",29,15.752985,95497458,15543,"DENSE",1,0,1,2
"715",30,15.454693,93178351,15165,"DENSE",1,0,1,2
"716",31,15.258289,90368726,14708,"DENSE",1,0,1,2
"717",32,15.418805,93978235,15295,"DENSE",1,0,1,2
"718",33,15.617451,95150400,15486,"DENSE",1,0,1,2
"719",34,15.700523,92907456,15121,"DENSE",1,0,1,2
"720",35,15.441079,74506850,12126,"DENSE",1,0,1,2
"721",36,15.601743,72452893,11792,"DENSE",1,0,1,2
"722",37,15.534357,76447075,12442,"DENSE",1,0,1,2
"723",38,15.596243,76915377,12518,"DENSE",1,0,1,2
"724",1,16.450556,36059873,5869,"SPARSE",1,0,1,2
"725",2,16.505646,36436170,5930,"SPARSE",1,0,1,2
"726",3,16.546597,37220291,6057,"SPARSE",1,0,1,2
"727",4,16.594179,35700374,5810,"SPARSE",1,0,1,2
"728",5,16.457745,35296671,5744,"SPARSE",1,0,1,2
"729",6,16.669018,34243945,5573,"SPARSE",1,0,1,2
"730",7,16.656427,35061037,5706,"SPARSE",1,0,1,2
"731",8,16.675026,38225859,6221,"SPARSE",1,0,1,2
"732",9,16.700525,38932660,6336,"SPARSE",1,0,1,2
"733",10,16.745953,38073765,6196,"SPARSE",1,0,1,2
"734",11,16.891134,38550617,6274,"SPARSE",1,0,1,2
"735",12,16.924017,35126679,5717,"SPARSE",1,0,1,2
"736",13,17.048717,38334171,6239,"SPARSE",1,0,1,2
"737",14,16.834555,40462697,6585,"SPARSE",1,0,1,2
"738",15,16.860777,40212066,6544,"SPARSE",1,0,1,2
"739",16,16.782211,40155215,6535,"SPARSE",1,0,1,2
"740",17,16.816532,43106482,7016,"SPARSE",1,0,1,2
"741",18,16.812189,36230571,5896,"SPARSE",1,0,1,2
"742",19,16.813179,36459510,5934,"SPARSE",1,0,1,2
"743",20,16.801714,37498979,6103,"SPARSE",1,0,1,2
"744",21,16.794655,40487092,6589,"SPARSE",1,0,1,2
"745",22,16.578938,38142438,6208,"SPARSE",1,0,1,2
"746",23,16.627504,43647036,7104,"SPARSE",1,0,1,2
"747",24,16.674803,36650526,5965,"SPARSE",1,0,1,2
"748",25,16.68247,36833340,5995,"SPARSE",1,0,1,2
"749",26,16.652143,36606256,5958,"SPARSE",1,0,1,2
"750",27,16.710884,36835267,5995,"SPARSE",1,0,1,2
"751",28,16.634144,38344643,6240,"SPARSE",1,0,1,2
"752",29,16.656923,39310155,6398,"SPARSE",1,0,1,2
"753",30,16.694113,37540141,6110,"SPARSE",1,0,1,2
"754",30,16.586758,38671735,6294,"SPARSE",1,0,1,2
"755",31,16.73184,40244464,6550,"SPARSE",1,0,1,2
"756",32,16.755665,43674262,7108,"SPARSE",1,0,1,2
"757",33,16.754887,38998437,6347,"SPARSE",1,0,1,2
"758",34,16.87821,34931324,5685,"SPARSE",1,0,1,2
"759",35,16.709494,33372461,5431,"SPARSE",1,0,1,2
"760",36,16.792149,28083019,4570,"SPARSE",1,0,1,2
"761",37,16.758154,26464376,4307,"SPARSE",1,0,1,2
"762",38,16.714518,41121189,6692,"SPARSE",1,0,1,2
"763",1,16.091145,88164519,14349,"DYNAMIC",1,0,1,2
"764",2,16.129873,90517317,14732,"DYNAMIC",1,0,1,2
"765",3,16.120022,87473758,14237,"DYNAMIC",1,0,1,2
"766",4,17.046625,84803505,13802,"DYNAMIC",1,0,1,2
"767",5,17.158253,85102533,13851,"DYNAMIC",1,0,1,2
"768",6,17.153185,78858240,12835,"DYNAMIC",1,0,1,2
"769",7,17.120768,80791903,13149,"DYNAMIC",1,0,1,2
"770",8,17.126154,72350976,11775,"DYNAMIC",1,0,1,2
"771",9,17.166206,75005483,12207,"DYNAMIC",1,0,1,2
"772",10,16.198784,74775458,12170,"DYNAMIC",1,0,1,2
"773",11,16.393194,80820019,13154,"DYNAMIC",1,0,1,2
"774",12,16.213898,88585991,14418,"DYNAMIC",1,0,1,2
"775",13,16.350344,77073408,12544,"DYNAMIC",1,0,1,2
"776",14,16.23023,85770922,13960,"DYNAMIC",1,0,1,2
"777",15,16.545732,69082771,11243,"DYNAMIC",1,0,1,2
"778",16,16.452236,79906795,13005,"DYNAMIC",1,0,1,2
"779",17,16.30571,80779388,13147,"DYNAMIC",1,0,1,2
"780",18,16.405437,74326827,12097,"DYNAMIC",1,0,1,2
"781",19,16.4114,85221212,13870,"DYNAMIC",1,0,1,2
"782",20,16.427868,70145683,11416,"DYNAMIC",1,0,1,2
"783",21,16.414639,85795971,13964,"DYNAMIC",1,0,1,2
"784",22,16.395432,72045342,11726,"DYNAMIC",1,0,1,2
"785",23,16.294767,80730501,13139,"DYNAMIC",1,0,1,2
"786",24,16.486975,83246899,13549,"DYNAMIC",1,0,1,2
"787",25,16.44693,73793925,12010,"DYNAMIC",1,0,1,2
"788",26,16.375729,84923351,13822,"DYNAMIC",1,0,1,2
"789",27,16.439802,86808089,14128,"DYNAMIC",1,0,1,2
"790",28,16.440222,80090480,13035,"DYNAMIC",1,0,1,2
"791",29,16.348919,85170708,13862,"DYNAMIC",1,0,1,2
"792",30,16.314667,90538536,14736,"DYNAMIC",1,0,1,2
"793",31,16.379419,86904913,14144,"DYNAMIC",1,0,1,2
"794",32,16.504688,76374664,12430,"DYNAMIC",1,0,1,2
"795",33,16.519382,68419827,11136,"DYNAMIC",1,0,1,2
"796",34,16.576906,71211819,11590,"DYNAMIC",1,0,1,2
"797",35,16.553288,83419703,13577,"DYNAMIC",1,0,1,2
"798",36,16.433012,74465157,12119,"DYNAMIC",1,0,1,2
"799",37,16.394194,76482232,12448,"DYNAMIC",1,0,1,2
"800",38,16.427839,85001510,13834,"DYNAMIC",1,0,1,2
"801",1,27.265247,68309801,11118,"DENSE",1,1,1,3
"802",2,30.408003,61445751,10000,"DENSE",1,1,1,3
"803",3,35.507645,61135758,9950,"DENSE",1,1,1,3
"804",4,37.768589,64226608,10453,"DENSE",1,1,1,3
"805",5,32.893913,71380694,11617,"DENSE",1,1,1,3
"806",6,37.165325,60687039,9877,"DENSE",1,1,1,3
"807",7,35.26479,64435013,10487,"DENSE",1,1,1,3
"808",8,40.140682,57131987,9298,"DENSE",1,1,1,3
"809",9,36.546688,67296565,10953,"DENSE",1,1,1,3
"810",10,30.727049,63425450,10323,"DENSE",1,1,1,3
"811",11,38.029816,68015378,11070,"DENSE",1,1,1,3
"812",12,32.913708,65232630,10617,"DENSE",1,1,1,3
"813",13,36.456715,64626834,10518,"DENSE",1,1,1,3
"814",14,38.723759,62031995,10096,"DENSE",1,1,1,3
"815",15,45.384232,44912253,7309,"DENSE",1,1,1,3
"816",16,39.982983,55491628,9031,"DENSE",1,1,1,3
"817",17,40.150352,53805189,8757,"DENSE",1,1,1,3
"818",18,43.481522,58980638,9599,"DENSE",1,1,1,3
"819",19,37.988659,56677566,9224,"DENSE",1,1,1,3
"820",20,41.397865,55308060,9001,"DENSE",1,1,1,3
"821",21,39.913021,52973170,8621,"DENSE",1,1,1,3
"822",22,35.455887,59292355,9650,"DENSE",1,1,1,3
"823",23,28.969332,64660418,10524,"DENSE",1,1,1,3
"824",24,38.73164,53240419,8665,"DENSE",1,1,1,3
"825",25,35.334431,68089626,11082,"DENSE",1,1,1,3
"826",26,40.89946,56401082,9179,"DENSE",1,1,1,3
"827",27,40.310776,51092586,8315,"DENSE",1,1,1,3
"828",28,40.827671,47790462,7778,"DENSE",1,1,1,3
"829",29,40.306801,55208308,8985,"DENSE",1,1,1,3
"830",30,41.431931,47459305,7724,"DENSE",1,1,1,3
"831",31,33.508194,64376222,10477,"DENSE",1,1,1,3
"832",32,29.564955,60043907,9772,"DENSE",1,1,1,3
"833",33,21.676945,67376557,10966,"DENSE",1,1,1,3
"834",34,33.177071,70792109,11522,"DENSE",1,1,1,3
"835",35,29.135208,64533187,10503,"DENSE",1,1,1,3
"836",36,29.149368,77475507,12609,"DENSE",1,1,1,3
"837",37,26.276302,66024024,10746,"DENSE",1,1,1,3
"838",38,28.913366,70905102,11540,"DENSE",1,1,1,3
"839",1,56.224899,4464176,726,"SPARSE",1,1,1,3
"840",2,61.800957,4073160,662,"SPARSE",1,1,1,3
"841",3,65.738991,4231153,688,"SPARSE",1,1,1,3
"842",4,61.635963,3895071,633,"SPARSE",1,1,1,3
"843",5,64.09243,4656083,757,"SPARSE",1,1,1,3
"844",6,61.6534,4696176,764,"SPARSE",1,1,1,3
"845",7,66.934433,3957910,644,"SPARSE",1,1,1,3
"846",8,66.14814,4060741,660,"SPARSE",1,1,1,3
"847",9,63.839321,4262503,693,"SPARSE",1,1,1,3
"848",10,65.694473,4363271,710,"SPARSE",1,1,1,3
"849",11,65.269707,4866944,792,"SPARSE",1,1,1,3
"850",12,61.812458,5145907,837,"SPARSE",1,1,1,3
"851",13,62.248291,4245595,691,"SPARSE",1,1,1,3
"852",14,58.505478,3992421,649,"SPARSE",1,1,1,3
"853",15,58.697651,5088318,828,"SPARSE",1,1,1,3
"854",16,57.199188,4605085,749,"SPARSE",1,1,1,3
"855",17,58.885117,5309246,864,"SPARSE",1,1,1,3
"856",18,59.195911,5125475,834,"SPARSE",1,1,1,3
"857",19,57.078358,4735362,770,"SPARSE",1,1,1,3
"858",20,59.403774,4746696,772,"SPARSE",1,1,1,3
"859",21,58.011623,5070102,825,"SPARSE",1,1,1,3
"860",22,57.979996,4966681,808,"SPARSE",1,1,1,3
"861",23,57.26223,4752926,773,"SPARSE",1,1,1,3
"862",24,59.751682,5408965,880,"SPARSE",1,1,1,3
"863",25,60.338345,5269418,857,"SPARSE",1,1,1,3
"864",26,57.403111,4777662,777,"SPARSE",1,1,1,3
"865",27,58.539555,5202340,846,"SPARSE",1,1,1,3
"866",28,57.371655,4702041,765,"SPARSE",1,1,1,3
"867",29,57.93644,5267014,857,"SPARSE",1,1,1,3
"868",30,56.036629,4908441,798,"SPARSE",1,1,1,3
"869",31,59.869297,5328609,867,"SPARSE",1,1,1,3
"870",32,59.149048,5331403,867,"SPARSE",1,1,1,3
"871",33,59.761044,5700686,927,"SPARSE",1,1,1,3
"872",34,61.352009,5286551,860,"SPARSE",1,1,1,3
"873",35,56.884239,5028459,818,"SPARSE",1,1,1,3
"874",36,59.628117,4945792,804,"SPARSE",1,1,1,3
"875",37,63.154789,5050823,822,"SPARSE",1,1,1,3
"876",38,62.526726,3829833,623,"SPARSE",1,1,1,3
"877",1,5.61949,15299242,2490,"DYNAMIC",1,1,1,3
"878",2,5.797695,18325061,2982,"DYNAMIC",1,1,1,3
"879",3,5.697571,25204053,4102,"DYNAMIC",1,1,1,3
"880",4,5.533238,24381674,3968,"DYNAMIC",1,1,1,3
"881",5,5.351816,20070098,3266,"DYNAMIC",1,1,1,3
"882",6,5.707195,26527301,4317,"DYNAMIC",1,1,1,3
"883",7,5.798521,17937491,2919,"DYNAMIC",1,1,1,3
"884",8,5.784345,26824039,4365,"DYNAMIC",1,1,1,3
"885",9,5.184024,24665739,4014,"DYNAMIC",1,1,1,3
"886",10,5.80654,15251400,2482,"DYNAMIC",1,1,1,3
"887",11,5.774885,21384939,3480,"DYNAMIC",1,1,1,3
"888",12,5.566568,16473429,2681,"DYNAMIC",1,1,1,3
"889",13,5.684378,24265728,3949,"DYNAMIC",1,1,1,3
"890",14,5.650232,25111893,4087,"DYNAMIC",1,1,1,3
"891",15,5.821535,25117004,4088,"DYNAMIC",1,1,1,3
"892",16,5.926075,22203284,3613,"DYNAMIC",1,1,1,3
"893",17,5.811084,26584755,4326,"DYNAMIC",1,1,1,3
"894",18,5.461771,23148604,3767,"DYNAMIC",1,1,1,3
"895",19,5.70695,18756967,3052,"DYNAMIC",1,1,1,3
"896",20,5.786603,27516817,4478,"DYNAMIC",1,1,1,3
"897",21,10.905093,52413379,8530,"DYNAMIC",1,1,1,3
"898",22,5.137183,13984488,2276,"DYNAMIC",1,1,1,3
"899",23,5.755159,24535648,3993,"DYNAMIC",1,1,1,3
"900",24,5.734619,23324616,3796,"DYNAMIC",1,1,1,3
"901",25,5.768144,21309716,3468,"DYNAMIC",1,1,1,3
"902",26,5.834581,26599700,4329,"DYNAMIC",1,1,1,3
"903",27,5.810431,27548201,4483,"DYNAMIC",1,1,1,3
"904",28,5.898695,22535545,3667,"DYNAMIC",1,1,1,3
"905",29,5.900193,26416936,4299,"DYNAMIC",1,1,1,3
"906",30,5.795274,22022752,3584,"DYNAMIC",1,1,1,3
"907",31,5.925269,21409515,3484,"DYNAMIC",1,1,1,3
"908",32,5.814989,27552851,4484,"DYNAMIC",1,1,1,3
"909",33,5.026456,21958848,3574,"DYNAMIC",1,1,1,3
"910",34,5.78597,26398111,4296,"DYNAMIC",1,1,1,3
"911",35,5.797617,26331191,4285,"DYNAMIC",1,1,1,3
"912",36,5.791405,25401620,4134,"DYNAMIC",1,1,1,3
"913",37,5.603564,22005701,3581,"DYNAMIC",1,1,1,3
"914",38,5.792728,16116874,2623,"DYNAMIC",1,1,1,3
